previous_month,current_month,previous_orders,current_orders,sample_support,feature,ks_statistic,psi,js_distance,previous_median,current_median,median_delta,reference_iqr,robust_median_shift,rank_ks,rank_psi,rank_js,rank_robust_shift,consensus_rank_score
2018-02,2018-03,6555,7003,ADEQUATE,max_freight,0.22328471409169415,0.3256059215258914,0.2398602277005037,15.79,18.14,2.3500000000000014,5.620000000000001,0.41814946619217097,2.0,3.0,3.0,1.0,2.25
2018-02,2018-03,6555,7003,ADEQUATE,mean_freight,0.22449282660052094,0.3248598070000126,0.23949683999146346,15.76,18.0,2.24,5.52,0.40579710144927544,1.0,4.0,4.0,2.0,2.75
2018-02,2018-03,6555,7003,ADEQUATE,total_freight,0.1965911525549746,0.20933929307628504,0.19250958084163305,16.25,18.23,1.9800000000000004,8.380000000000003,0.23627684964200474,3.0,7.0,7.0,3.0,5.0
2017-01,2017-02,750,1653,ADEQUATE,total_freight,0.07945311554748946,0.23517514729940855,0.20173099250100768,18.0,17.2,-0.8000000000000007,7.577500000000004,0.1055757175849555,10.0,5.0,5.0,9.0,7.25
2018-05,2018-06,6749,6096,ADEQUATE,max_freight,0.12670599785561693,0.09774623413686227,0.13209417661241304,16.41,18.37,1.9600000000000009,10.229999999999999,0.19159335288367557,5.0,10.0,10.0,6.0,7.75
2018-05,2018-06,6749,6096,ADEQUATE,mean_freight,0.1272458367507736,0.07813611595759135,0.11816923687791736,16.32,18.35,2.030000000000001,10.219999999999999,0.1986301369863015,4.0,12.0,12.0,5.0,8.25
2018-05,2018-06,6749,6096,ADEQUATE,freight_price_ratio,0.08893693884463877,0.048239100023993106,0.09291705934762415,0.2023558173130348,0.24178708993928621,0.0394312726262514,0.2512280972200812,0.156954071071552,7.0,18.0,18.0,8.0,12.75
2018-05,2018-06,6749,6096,ADEQUATE,total_freight,0.11883091263836498,0.06598537641739698,0.10871663028207548,17.99,18.79,0.8000000000000007,10.73,0.07455731593662634,6.0,15.0,15.0,16.0,13.0
2017-01,2017-02,750,1653,ADEQUATE,max_price,0.049059891107078035,0.07487668052952866,0.11560271016181282,69.9,76.9,7.0,112.275,0.06234691605433088,30.0,13.0,13.0,23.0,19.75
2018-04,2018-05,6798,6749,ADEQUATE,max_freight,0.06687523820446784,0.025045609900930937,0.06710029077685087,18.23,16.41,-1.8200000000000003,9.8375,0.1850063532401525,17.0,28.0,28.0,7.0,20.0
2018-04,2018-05,6798,6749,ADEQUATE,mean_freight,0.06646063219852649,0.022266283401429388,0.06329258650938391,18.23,16.32,-1.9100000000000001,9.600000000000001,0.19895833333333332,18.0,29.0,29.0,4.0,20.0
2017-01,2017-02,750,1653,ADEQUATE,mean_price,0.049192982456140455,0.07396108247385026,0.11491906043934905,69.9,76.05,6.1499999999999915,109.9675,0.05592561438606853,29.0,14.0,14.0,28.0,21.25
2017-01,2017-02,750,1653,ADEQUATE,min_price,0.051862068965517226,0.07918556106669704,0.11889584287253306,69.9,74.99,5.089999999999989,109.42499999999998,0.04651587845556308,27.0,11.0,11.0,44.0,23.25
2017-04,2017-05,2303,3545,ADEQUATE,mean_freight,0.07046527280599842,0.4273780545576556,0.27045608704931856,16.05,15.87,-0.1800000000000015,6.892500000000002,0.026115342763873985,14.0,1.0,1.0,80.0,24.0
2018-07,2018-08,6156,6351,ADEQUATE,total_freight,0.07179158291291488,0.027667211972874407,0.07054472492672177,19.0,18.33,-0.6700000000000017,12.725,0.052652259332023714,13.0,26.0,26.0,31.0,24.0
2018-07,2018-08,6156,6351,ADEQUATE,mean_freight,0.07253704118060333,0.029785496955591316,0.07316659557110329,18.49,18.01,-0.4799999999999969,9.770000000000001,0.04912998976458514,12.0,23.0,23.0,39.0,24.25
2017-08,2017-09,4193,4150,ADEQUATE,mean_freight,0.06085817153661155,0.016050844921675012,0.053772331419573695,15.87,16.28,0.4100000000000019,6.020000000000001,0.06810631229235911,20.0,32.0,32.0,19.0,25.75
2017-11,2017-12,7288,5513,ADEQUATE,freight_price_ratio,0.06067506739384376,0.0149867563374384,0.05194570513077582,0.23084816379146164,0.207582061950994,-0.02326610184046765,0.24143213926782792,0.09636704504638409,21.0,36.0,36.0,10.0,25.75
2017-08,2017-09,4193,4150,ADEQUATE,max_freight,0.05924802956160441,0.015256519867583982,0.052426183577322094,16.02,16.39,0.370000000000001,6.35,0.05826771653543323,23.0,35.0,35.0,24.0,29.25
2018-07,2018-08,6156,6351,ADEQUATE,max_freight,0.07294172948773553,0.02895488378480305,0.07215562861459918,18.52,18.14,-0.379999999999999,9.850000000000001,0.03857868020304558,11.0,24.0,24.0,61.0,30.0
2017-01,2017-02,750,1653,ADEQUATE,max_freight,0.08682879612825156,0.13993365453184184,0.157513369804498,16.27,16.21,-0.05999999999999872,5.737500000000001,0.010457516339869057,8.0,8.0,8.0,117.0,35.25
2017-04,2017-05,2303,3545,ADEQUATE,total_freight,0.06404377193664729,0.10872118530031459,0.1385953891980727,16.61,16.46,-0.14999999999999858,9.830000000000002,0.015259409969481033,19.0,9.0,9.0,107.0,36.0
2017-01,2017-02,750,1653,ADEQUATE,mean_freight,0.0864706594071385,0.21447595252251567,0.19449054127478918,16.11,16.14,0.030000000000001137,5.520000000000003,0.005434782608695855,9.0,6.0,6.0,134.0,38.75
2017-01,2017-02,750,1653,ADEQUATE,total_price,0.0551796733212343,0.05099173620303894,0.09562736141193964,82.65,84.9,2.25,129.85,0.01732768579129765,24.0,17.0,17.0,101.0,39.75
2018-03,2018-04,7003,6798,ADEQUATE,mean_freight,0.0482831780957827,0.028778768306769117,0.07192087720026484,18.0,18.23,0.23000000000000043,8.94,0.025727069351230474,32.0,25.0,25.0,81.0,40.75
2018-03,2018-04,7003,6798,ADEQUATE,freight_price_ratio,0.04355293114618175,0.013360867879683871,0.04903225804365848,0.2332727272727272,0.2156559705070343,-0.01761675676569288,0.26134049156233674,0.06740921263435679,40.0,53.0,53.0,20.0,41.5
2018-04,2018-05,6798,6749,ADEQUATE,total_freight,0.059367124921604786,0.02009637954221267,0.06014463908932217,18.23,17.99,-0.240000000000002,10.237499999999999,0.02344322344322364,22.0,30.0,30.0,84.0,41.5
2018-02,2018-03,6555,7003,ADEQUATE,max_price,0.035752575473538606,0.014209769539803326,0.050593024650151495,75.0,79.9,4.900000000000006,95.00999999999999,0.05157351857699196,56.0,42.0,42.0,33.0,43.25
2018-02,2018-03,6555,7003,ADEQUATE,mean_price,0.034899394211895585,0.014813940107369068,0.051653473848394936,74.99,79.59,4.6000000000000085,94.91,0.048466968707196384,61.0,37.0,37.0,41.0,44.0
2017-01,2017-02,750,1653,ADEQUATE,merchandise_plus_freight,0.054006049606775575,0.0407198333331212,0.08551463944812245,104.10499999999999,105.83,1.7250000000000085,141.065,0.01222840534505376,25.0,20.0,20.0,113.0,44.5
2017-04,2017-05,2303,3545,ADEQUATE,max_freight,0.06970462884310463,0.39146357294366635,0.25906619600385866,16.05,16.05,0.0,6.914999999999999,0.0,15.0,2.0,2.0,161.0,45.0
2017-02,2017-03,1653,2546,ADEQUATE,total_freight,0.03862267609321818,0.012089192675530519,0.046666267949702474,17.2,16.520000000000003,-0.6799999999999962,9.48,0.07172995780590677,45.0,61.0,61.0,17.0,46.0
2017-01,2017-02,750,1653,ADEQUATE,freight_price_ratio,0.06761282516636417,0.05218187949323051,0.09678141911682164,0.23370818930184833,0.2322734499205087,-0.0014347393813396447,0.29687843943156056,0.004832750347538779,16.0,16.0,16.0,137.0,46.25
2018-02,2018-03,6555,7003,ADEQUATE,min_price,0.03441604464382875,0.014765074457214304,0.05156801759508497,74.9,79.0,4.099999999999994,94.91,0.0431988199346749,64.0,38.0,38.0,46.0,46.5
2018-03,2018-04,7003,6798,ADEQUATE,max_freight,0.04755266697998589,0.03267692038168671,0.07661977953214437,18.14,18.23,0.08999999999999986,9.14,0.009846827133479195,35.0,22.0,22.0,120.0,49.75
2018-02,2018-03,6555,7003,ADEQUATE,freight_price_ratio,0.04420934125104725,0.01130726963839722,0.04513558814306422,0.2205,0.2332727272727272,0.012772727272727186,0.2257307551350553,0.05658390353182148,39.0,68.0,68.0,26.0,50.25
2017-11,2017-12,7288,5513,ADEQUATE,total_freight,0.04726914808486793,0.010725327274057,0.043959438928521236,16.77,16.21,-0.5599999999999987,9.959999999999999,0.05622489959839345,37.0,74.0,74.0,27.0,53.0
2017-10,2017-11,4478,7288,ADEQUATE,max_price,0.036919181420669134,0.013927938432919207,0.050086506286292874,79.13499999999999,75.9,-3.234999999999985,98.1,0.03297655453618741,51.0,47.0,47.0,70.0,53.75
2017-11,2017-12,7288,5513,ADEQUATE,min_price,0.048689998871044915,0.010689394156087894,0.043888258050142716,74.9,79.9,5.0,97.91,0.051067306710244106,31.0,75.0,75.0,34.0,53.75
2017-10,2017-11,4478,7288,ADEQUATE,mean_price,0.034537798893872707,0.013581918535451236,0.049460617353369755,79.0,75.0,-4.0,98.1,0.040774719673802244,62.0,49.0,49.0,57.0,54.25
